{"cameraMode":{"drawMode":0,"name":"Shaded","section":"Shading Mode"},"sceneLighting":false,"audioPlay":false,"sceneViewState":{"m_AlwaysRefresh":false,"showFog":false,"showSkybox":false,"showFlares":true,"showImageEffects":true,"showParticleSystems":true,"showVisualEffectGraphs":true,"m_FxEnabled":true},"in2DMode":false,"pivot":{"x":0.06442135572433472,"y":1.7238900661468506,"z":-0.11583900451660156},"rotation":{"x":0.002272260608151555,"y":0.9960916638374329,"z":-0.02690071240067482,"w":0.08416701853275299},"size":2.077022075653076,"orthographic":false}