{"cameraMode":{"drawMode":0,"name":"Shaded","section":"Shading Mode"},"sceneLighting":true,"audioPlay":false,"sceneViewState":{"m_AlwaysRefresh":false,"showFog":false,"showSkybox":true,"showFlares":true,"showImageEffects":true,"showParticleSystems":true,"showVisualEffectGraphs":true,"m_FxEnabled":true},"in2DMode":false,"pivot":{"x":5.797510623931885,"y":6.4014410972595219,"z":-79.23179626464844},"rotation":{"x":-0.16217495501041413,"y":-0.0071284095756709579,"z":0.001169373281300068,"w":-0.986738383769989},"size":4.520130157470703,"orthographic":false}