{"cameraMode":{"drawMode":0,"name":"Shaded","section":"Shading Mode"},"sceneLighting":false,"audioPlay":false,"sceneViewState":{"m_AlwaysRefresh":false,"showFog":false,"showSkybox":true,"showFlares":true,"showImageEffects":true,"showParticleSystems":true,"showVisualEffectGraphs":true,"m_FxEnabled":true},"in2DMode":false,"pivot":{"x":6.7112932205200199,"y":1.2227578163146973,"z":1.3001227378845215},"rotation":{"x":0.09423799812793732,"y":0.7146726250648499,"z":-0.09816352277994156,"w":0.6860957145690918},"size":7.266689777374268,"orthographic":false}