{"cameraMode":{"drawMode":0,"name":"Shaded","section":"Shading Mode"},"sceneLighting":false,"audioPlay":false,"sceneViewState":{"m_AlwaysRefresh":false,"showFog":false,"showSkybox":true,"showFlares":true,"showImageEffects":true,"showParticleSystems":true,"showVisualEffectGraphs":true,"m_FxEnabled":true},"in2DMode":false,"pivot":{"x":-0.3399505615234375,"y":1.8574838638305665,"z":14.868839263916016},"rotation":{"x":0.19369466602802277,"y":0.09694771468639374,"z":-0.019238024950027467,"w":0.9760734438896179},"size":12.324982643127442,"orthographic":false}