{"cameraMode":{"drawMode":0,"name":"Shaded","section":"Shading Mode"},"sceneLighting":false,"audioPlay":false,"sceneViewState":{"m_AlwaysRefresh":false,"showFog":false,"showSkybox":true,"showFlares":true,"showImageEffects":true,"showParticleSystems":true,"showVisualEffectGraphs":true,"m_FxEnabled":true},"in2DMode":false,"pivot":{"x":481.8103942871094,"y":942.6815185546875,"z":255.020263671875},"rotation":{"x":0.07941422611474991,"y":-0.0074760206043720249,"z":0.0005952883511781693,"w":0.9968147277832031},"size":529.3031005859375,"orthographic":false}