{"cameraMode":{"drawMode":0,"name":"Shaded","section":"Shading Mode"},"sceneLighting":false,"audioPlay":false,"sceneViewState":{"m_AlwaysRefresh":false,"showFog":false,"showSkybox":false,"showFlares":true,"showImageEffects":true,"showParticleSystems":true,"showVisualEffectGraphs":true,"m_FxEnabled":true},"in2DMode":false,"pivot":{"x":-4.860625743865967,"y":-1.7257685661315919,"z":6.581584453582764},"rotation":{"x":0.36905959248542788,"y":-0.0041822767816483978,"z":0.0016595871420577169,"w":0.9293971061706543},"size":7.329634189605713,"orthographic":false}