{"cameraMode":{"drawMode":0,"name":"Shaded","section":"Shading Mode"},"sceneLighting":false,"audioPlay":false,"sceneViewState":{"m_AlwaysRefresh":false,"showFog":false,"showSkybox":false,"showFlares":true,"showImageEffects":true,"showParticleSystems":true,"showVisualEffectGraphs":true,"m_FxEnabled":true},"in2DMode":false,"pivot":{"x":1.1344057321548463,"y":1.4890013933181763,"z":-0.5253746509552002},"rotation":{"x":0.03768303617835045,"y":0.9481918811798096,"z":-0.12299982458353043,"w":0.2905046045780182},"size":2.170488119125366,"orthographic":false}