{"cameraMode":{"drawMode":0,"name":"Shaded","section":"Shading Mode"},"sceneLighting":false,"audioPlay":false,"sceneViewState":{"m_AlwaysRefresh":false,"showFog":false,"showSkybox":true,"showFlares":true,"showImageEffects":true,"showParticleSystems":true,"showVisualEffectGraphs":true,"m_FxEnabled":true},"in2DMode":false,"pivot":{"x":-2.3071703910827638,"y":-0.04434823989868164,"z":6.573008060455322},"rotation":{"x":0.19591479003429414,"y":-0.38202694058418276,"z":0.08322509378194809,"w":0.8993038535118103},"size":6.432641983032227,"orthographic":false}