{"cameraMode":{"drawMode":0,"name":"Shaded","section":"Shading Mode"},"sceneLighting":false,"audioPlay":false,"sceneViewState":{"m_AlwaysRefresh":false,"showFog":false,"showSkybox":false,"showFlares":true,"showImageEffects":true,"showParticleSystems":true,"showVisualEffectGraphs":true,"m_FxEnabled":true},"in2DMode":false,"pivot":{"x":1.2021584510803223,"y":-0.9712390899658203,"z":-0.05188894271850586},"rotation":{"x":-0.01706831157207489,"y":-0.8754009008407593,"z":0.4821038246154785,"w":-0.030991559848189355},"size":7.8131585121154789,"orthographic":false}