{"cameraMode":{"drawMode":0,"name":"Shaded","section":"Shading Mode"},"sceneLighting":false,"audioPlay":false,"sceneViewState":{"m_AlwaysRefresh":false,"showFog":false,"showSkybox":false,"showFlares":true,"showImageEffects":true,"showParticleSystems":true,"showVisualEffectGraphs":true,"m_FxEnabled":true},"in2DMode":false,"pivot":{"x":3.2599527835845949,"y":-0.424187570810318,"z":0.24980640411376954},"rotation":{"x":-0.43895483016967776,"y":-0.11350157111883164,"z":0.05600734427571297,"w":-0.8895524740219116},"size":8.497644424438477,"orthographic":false}