{"cameraMode":{"drawMode":0,"name":"Shaded","section":"Shading Mode"},"sceneLighting":false,"audioPlay":false,"sceneViewState":{"m_AlwaysRefresh":false,"showFog":false,"showSkybox":false,"showFlares":true,"showImageEffects":true,"showParticleSystems":true,"showVisualEffectGraphs":true,"m_FxEnabled":true},"in2DMode":false,"pivot":{"x":-5.3479533195495609,"y":0.49744534492492678,"z":-3.5613932609558107},"rotation":{"x":-0.1631583869457245,"y":0.6214683651924133,"z":-0.13441109657287599,"w":-0.7543823719024658},"size":7.4129509925842289,"orthographic":false}