{"cameraMode":{"drawMode":0,"name":"Shaded","section":"Shading Mode"},"sceneLighting":false,"audioPlay":false,"sceneViewState":{"m_AlwaysRefresh":false,"showFog":false,"showSkybox":false,"showFlares":true,"showImageEffects":true,"showParticleSystems":true,"showVisualEffectGraphs":true,"m_FxEnabled":true},"in2DMode":false,"pivot":{"x":-5.3559088706970219,"y":-7.348988056182861,"z":6.270798206329346},"rotation":{"x":0.36905261874198916,"y":-0.006970301270484924,"z":0.00276742409914732,"w":0.9293801188468933},"size":12.129426002502442,"orthographic":false}