{"cameraMode":{"drawMode":0,"name":"Shaded","section":"Shading Mode"},"sceneLighting":false,"audioPlay":false,"sceneViewState":{"m_AlwaysRefresh":false,"showFog":false,"showSkybox":false,"showFlares":true,"showImageEffects":true,"showParticleSystems":true,"showVisualEffectGraphs":true,"m_FxEnabled":true},"in2DMode":false,"pivot":{"x":0.0461653470993042,"y":1.2705893516540528,"z":-3.8598461151123049},"rotation":{"x":-0.00027160285389982164,"y":-0.9996734857559204,"z":-0.011997075751423836,"w":0.022791696712374688},"size":3.594141960144043,"orthographic":false}