{"cameraMode":{"drawMode":0,"name":"Shaded","section":"Shading Mode"},"sceneLighting":false,"audioPlay":false,"sceneViewState":{"m_AlwaysRefresh":false,"showFog":false,"showSkybox":false,"showFlares":true,"showImageEffects":true,"showParticleSystems":true,"showVisualEffectGraphs":true,"m_FxEnabled":true},"in2DMode":false,"pivot":{"x":0.4143483340740204,"y":1.819609522819519,"z":-1.608161449432373},"rotation":{"x":0.04343912750482559,"y":0.04643864557147026,"z":-0.002021570922806859,"w":0.9979792237281799},"size":1.6574536561965943,"orthographic":false}