{"cameraMode":{"drawMode":0,"name":"Shaded","section":"Shading Mode"},"sceneLighting":false,"audioPlay":false,"sceneViewState":{"m_AlwaysRefresh":false,"showFog":false,"showSkybox":false,"showFlares":true,"showImageEffects":true,"showParticleSystems":true,"showVisualEffectGraphs":true,"m_FxEnabled":true},"in2DMode":false,"pivot":{"x":-0.2673158645629883,"y":0.7927783727645874,"z":1.2400953769683838},"rotation":{"x":0.07832556962966919,"y":0.24997176229953767,"z":-0.020292257890105249,"w":0.9648717641830444},"size":1.6574536561965943,"orthographic":false}