{"cameraMode":{"drawMode":0,"name":"Shaded","section":"Shading Mode"},"sceneLighting":false,"audioPlay":false,"sceneViewState":{"m_AlwaysRefresh":false,"showFog":false,"showSkybox":false,"showFlares":true,"showImageEffects":true,"showParticleSystems":true,"showVisualEffectGraphs":true,"m_FxEnabled":true},"in2DMode":false,"pivot":{"x":0.72699373960495,"y":3.3285441398620607,"z":23.358182907104493},"rotation":{"x":0.03297419100999832,"y":-0.03447537496685982,"z":0.0011375078465789557,"w":0.9988662004470825},"size":3.674234628677368,"orthographic":false}