{"cameraMode":{"drawMode":0,"name":"Shaded","section":"Shading Mode"},"sceneLighting":false,"audioPlay":false,"sceneViewState":{"m_AlwaysRefresh":false,"showFog":false,"showSkybox":false,"showFlares":true,"showImageEffects":true,"showParticleSystems":true,"showVisualEffectGraphs":true,"m_FxEnabled":true},"in2DMode":false,"pivot":{"x":0.4777541160583496,"y":2.1001319885253908,"z":-2.5521583557128908},"rotation":{"x":0.08682327717542649,"y":0.039137523621320727,"z":-0.003413628786802292,"w":0.9954497218132019},"size":3.6339213848114015,"orthographic":false}