{"cameraMode":{"drawMode":0,"name":"Shaded","section":"Shading Mode"},"sceneLighting":false,"audioPlay":false,"sceneViewState":{"m_AlwaysRefresh":false,"showFog":false,"showSkybox":false,"showFlares":true,"showImageEffects":true,"showParticleSystems":true,"showVisualEffectGraphs":true,"m_FxEnabled":true},"in2DMode":false,"pivot":{"x":0.9056591987609863,"y":0.4906144142150879,"z":-3.4277899265289308},"rotation":{"x":0.11424015462398529,"y":0.8356224298477173,"z":-0.18993480503559113,"w":0.5026021599769592},"size":3.6339213848114015,"orthographic":false}