{"cameraMode":{"drawMode":0,"name":"Shaded","section":"Shading Mode"},"sceneLighting":false,"audioPlay":false,"sceneViewState":{"m_AlwaysRefresh":false,"showFog":false,"showSkybox":false,"showFlares":true,"showImageEffects":true,"showParticleSystems":true,"showVisualEffectGraphs":true,"m_FxEnabled":true},"in2DMode":false,"pivot":{"x":0.3758907914161682,"y":1.0151864290237427,"z":-1.5434725284576417},"rotation":{"x":0.0025546385440975429,"y":0.9973326325416565,"z":-0.04341103136539459,"w":0.05870787426829338},"size":2.7904727458953859,"orthographic":false}